{
    "warningInfo": {
        "message": "苹果要是下架微信我就转华为了",
        "product": "iPhone 16",
        "priority": "High",
        "alertDuartion": "3 Days",
        "fileName": "Pro_1000",
        "alertTime": "Sept.3 2024"
    },
    "deepForesight": {
        "image": "",
        "trend": "该谣言可能会进一步影响iPhone16新系列的销量，即便随着iPhone16发布并正式投入使用，公众会发现该言论为谣言使得虚假信息平息，但仍应及时发布官方辟谣声明，例如“微信是客户非常常用的一个APP，iPhone新品不会把之前顾客正常使用的APP权限关闭剥夺”。"
    },
    "lawChain": {
        "detailresult": "1. 苹果需确保用户购买设备时承诺的功能得到履行，否则可能构成违约或虚假宣传，损害品牌名誉。\n2.苹果的“技术兼容性承诺”是其商业信誉的一部分，若单方面限制微信使用，可能触发《反不正当竞争法》中关于“滥用市场支配地位”的争议。1. 苹果需确保用户购买设备时承诺的功能得到履行，否则可能构成违约或虚假宣传，损害品牌名誉。\n2.苹果的“技术兼容性承诺”是其商业信誉的一部分，若单方面限制微信使用，可能触发《反不正当竞争法》中关于“滥用市场支配地位”的争议。1. 苹果需确保用户购买设备时承诺的功能得到履行，否则可能构成违约或虚假宣传，损害品牌名誉。\n2.苹果的“技术兼容性承诺”是其商业信誉的一部分，若单方面限制微信使用，可能触发《反不正当竞争法》中关于“滥用市场支配地位”的争议。"
    },
    "tasteComparison": {
        "companyProduct": "1. 苹果生态\n2. 安全性\n3. 简洁\n4. 拍照效果优异",
        "otherProduct": "1.华为Mate XT：中国本土品牌，中国用户信任度高\n2.OPPO Find X8等安卓系统手机：厂家抽成由软件服务商承担而非让用户承担，在充值时用户支付的费用通常要比ios系统低\n1.华为Mate XT：中国本土品牌，中国用户信任度高\n2.OPPO Find X8等安卓系统手机：厂家抽成由软件服务商承担而非让用户承担，在充值时用户支付的费用通常要比ios系统低"
    }
}