{
    "products": [
        {
            "id": 1,
            "name": "iPhone 16",
            "priority": "High"
        },
        {
            "id": 2,
            "name": "iPhone 16 pro",
            "priority": "High"
        },
        {
            "id": 3,
            "name": "iPhone 15",
            "priority": "High"
        }
        ,
        {
            "id": 4,
            "name": "iPhone 15 pro",
            "priority": "Medium"
        }
        ,
        {
            "id": 5,
            "name": "iPhone 14",
            "priority": "Low"
        }
    ]
}